checkedAt,stockId,companyName,officialIndustry,action,fineIndustryTags,productTags,themeTags,groupTags,accuracy,sourceNote,reason
2026-07-03T05:52:07.137461+08:00,1101,臺灣水泥,水泥工業,skipped_existing,水泥、低碳建材與儲能,水泥、預拌混凝土、低碳建材、儲能、電池材料,低碳水泥、儲能、循環經濟,水泥、低碳建材,,,existing_refined_tags
2026-07-03T05:52:07.138068+08:00,1256,鮮活控股,食品工業,skipped_existing,食品飲料,食品、飲料、通路、原物料,內需消費、原物料成本,食品,,,existing_refined_tags
2026-07-03T05:52:07.138113+08:00,1316,上曜建設開發,建材營造,skipped_existing,建設營造,建設、營造、土地資產、工程,房市、都更、公共工程,營建,,,existing_refined_tags
2026-07-03T05:52:07.138120+08:00,1338,廣華控股有限公司,汽車工業,skipped_existing,汽車零組件、整車,汽車零組件、車用電子、AM市場、整車,電動車、車用電子,汽車,,,existing_refined_tags
2026-07-03T05:52:07.138125+08:00,1402,遠東新世紀,紡織纖維,skipped_existing,紡織成衣、機能布,紡織、成衣、機能布、鞋材,運動休閒、品牌庫存循環,紡織,,,existing_refined_tags
2026-07-03T05:52:07.138129+08:00,1436,華友聯開發,建材營造,skipped_existing,建設營造,建設、營造、土地資產、工程,房市、都更、公共工程,營建,,,existing_refined_tags
2026-07-03T05:52:07.138132+08:00,1438,三地開發地產,建材營造,skipped_existing,建設營造,建設、營造、土地資產、工程,房市、都更、公共工程,營建,,,existing_refined_tags
2026-07-03T05:52:07.138135+08:00,1466,聚隆纖維,紡織纖維,skipped_existing,紡織成衣、機能布,紡織、成衣、機能布、鞋材,運動休閒、品牌庫存循環,紡織,,,existing_refined_tags
2026-07-03T05:52:07.138138+08:00,1472,三洋實業,建材營造,skipped_existing,建設營造,建設、營造、土地資產、工程,房市、都更、公共工程,營建,,,existing_refined_tags
2026-07-03T05:52:07.138141+08:00,1474,弘裕企業,紡織纖維,skipped_existing,紡織成衣、機能布,紡織、成衣、機能布、鞋材,運動休閒、品牌庫存循環,紡織,,,existing_refined_tags
2026-07-03T05:52:07.138144+08:00,1514,亞力電機,電機機械,skipped_existing,重電、電力設備,變壓器、開關設備、電線電纜、電網工程,AI資料中心用電、台電強韌電網、儲能,重電、電力,,,existing_refined_tags
2026-07-03T05:52:07.138148+08:00,1526,日馳企業,電機機械,skipped_existing,機械、自動化,機械設備、自動化、零組件,智慧製造、自動化,機械,,,existing_refined_tags
2026-07-03T05:52:07.138152+08:00,1536,和大工業,汽車工業,skipped_existing,汽車零組件、整車,汽車零組件、車用電子、AM市場、整車,電動車、車用電子,汽車,,,existing_refined_tags
2026-07-03T05:52:07.138155+08:00,1560,中國砂輪企業,電機機械,skipped_existing,半導體設備零組件、再生晶圓,再生晶圓、鑽石碟、CMP耗材、半導體材料,先進製程、CoWoS、晶圓代工供應鏈,半導體材料、耗材,,,existing_refined_tags
2026-07-03T05:52:07.138159+08:00,1586,和勤精機,電機機械,skipped_existing,機械、自動化,機械設備、自動化、零組件,智慧製造、自動化,機械,,,existing_refined_tags
2026-07-03T05:52:07.138162+08:00,1589,永冠能源科技集團有限公司,-,skipped_existing,機械、自動化,機械設備、自動化、零組件,智慧製造、自動化,機械,,,existing_refined_tags
2026-07-03T05:52:07.138166+08:00,1595,川寶科技,半導體業,skipped_existing,半導體,IC設計、晶圓代工、封測、設備材料,AI晶片、HPC、半導體循環,半導體,,,existing_refined_tags
2026-07-03T05:52:07.138171+08:00,1598,岱宇國際,運動休閒,skipped_existing,其他、待細分,主要產品需由官網、年報補齊,待確認,待確認,,,existing_refined_tags
2026-07-03T05:52:07.138174+08:00,1609,大亞電線電纜,電器電纜,skipped_existing,重電、電力設備,變壓器、開關設備、電線電纜、電網工程,AI資料中心用電、台電強韌電網、儲能,重電、電力,,,existing_refined_tags
2026-07-03T05:52:07.138177+08:00,1717,長興材料工業,化學工業,skipped_existing,化工材料,化學品、樹脂、特用材料,材料國產化、景氣循環,化工,,,existing_refined_tags
2026-07-03T05:52:07.138181+08:00,1781,合世生醫科技,生技醫療業,skipped_existing,生技醫療,藥品、醫材、檢測、保健,新藥、CDMO、醫材,生技,,,existing_refined_tags
2026-07-03T05:52:07.138184+08:00,1786,科妍生物科技,生技醫療業,skipped_existing,生技醫療,藥品、醫材、檢測、保健,新藥、CDMO、醫材,生技,,,existing_refined_tags
2026-07-03T05:52:07.138188+08:00,1909,榮成紙業,造紙工業,skipped_existing,其他、待細分,主要產品需由官網、年報補齊,待確認,待確認,,,existing_refined_tags
2026-07-03T05:52:07.138191+08:00,2034,允強實業,鋼鐵工業,skipped_existing,鋼鐵材料,鋼材、不鏽鋼、特殊鋼、加工,基建、原物料、風電,鋼鐵,,,existing_refined_tags
2026-07-03T05:52:07.138195+08:00,2066,世德工業,電機機械,skipped_existing,機械、自動化,機械設備、自動化、零組件,智慧製造、自動化,機械,,,existing_refined_tags
2026-07-03T05:52:07.138198+08:00,2104,國際中橡投資控股,橡膠工業,skipped_existing,輪胎、橡膠製品,輪胎、橡膠材料、工業橡膠,車市、原料成本,橡膠,,,existing_refined_tags
2026-07-03T05:52:07.138201+08:00,2201,裕隆汽車製造,汽車工業,skipped_existing,汽車零組件、整車,汽車零組件、車用電子、AM市場、整車,電動車、車用電子,汽車,,,existing_refined_tags
2026-07-03T05:52:07.138204+08:00,2228,劍麟,汽車工業,skipped_existing,汽車零組件、整車,汽車零組件、車用電子、AM市場、整車,電動車、車用電子,汽車,,,existing_refined_tags
2026-07-03T05:52:07.138207+08:00,2233,宇隆科技,汽車工業,skipped_existing,汽車零組件、整車,汽車零組件、車用電子、AM市場、整車,電動車、車用電子,汽車,,,existing_refined_tags
2026-07-03T05:52:07.138211+08:00,2236,百達精密工業,汽車工業,skipped_existing,車用鋁合金、精密壓鑄件,車用鋁合金壓鑄件、精密加工件、汽車零組件、輕量化零件,電動車、車用輕量化、汽車零組件,車用精密零組件,,,existing_refined_tags
2026-07-03T05:52:07.138214+08:00,2247,汎德永業汽車,汽車工業,skipped_existing,豪華車經銷、售後服務,BMW代理、豪華車經銷、汽車售後服務、車輛銷售,豪華車、內需消費、汽車通路,汽車通路,,,existing_refined_tags
2026-07-03T05:52:07.138219+08:00,2329,華泰電子,半導體業,skipped_existing,記憶體封測、半導體封裝,記憶體封裝、IC測試、半導體封測、模組封裝,AI記憶體、封測、先進封裝,半導體封測,,,existing_refined_tags
2026-07-03T05:52:07.138223+08:00,2337,旺宏電子,半導體業,skipped_existing,NOR Flash、記憶體IDM,NOR Flash、NAND Flash、ROM、記憶體晶片,車用記憶體、工控記憶體、AI邊緣儲存,記憶體IC,,,existing_refined_tags
2026-07-03T05:52:07.138226+08:00,2338,台灣光罩,半導體業,skipped_existing,半導體光罩、Photomask,光罩、Photomask、半導體製程材料、晶圓製造耗材,先進製程、成熟製程、半導體材料,半導體光罩,,,existing_refined_tags
2026-07-03T05:52:07.138230+08:00,2351,順德工業,半導體業,skipped_existing,半導體導線架、功率元件框架,導線架、功率半導體導線架、半導體金屬框架、車用導線架,功率元件、車用半導體、封裝材料,導線架、封裝材料,,,existing_refined_tags
2026-07-03T05:52:07.138233+08:00,2368,金像電子(股)公司,電子零組件業,skipped_existing,高階PCB、AI伺服器板,伺服器PCB、AI加速卡板、高多層板、網通板,AI伺服器、PCB升級、資料中心,高階PCB,,,existing_refined_tags
2026-07-03T05:52:07.138236+08:00,2374,佳能企業,光電業,skipped_existing,光學鏡頭、影像模組,光學鏡頭、相機模組、車載鏡頭、安防影像、數位影像模組,車用鏡頭、AI影像、安防監控,光學鏡頭、車用影像,,,existing_refined_tags
2026-07-03T05:52:07.138239+08:00,2402,毅嘉科技,電子零組件業,skipped_existing,軟板、車用機構整合,FPC軟板、薄膜按鍵、車用內飾模組、整合機構件,車用電子、軟板、內裝電子化,軟板、車用電子,,,existing_refined_tags
2026-07-03T05:52:07.138243+08:00,2427,三商電腦,資訊服務業,skipped_existing,系統整合、金融資訊服務,系統整合、金融資訊系統、資安服務、ATM、自動化服務,金融科技、資安、系統整合,資訊服務、SI,,,existing_refined_tags
2026-07-03T05:52:07.138247+08:00,2436,偉詮電子,半導體業,skipped_existing,電源管理IC、USB PD控制IC,電源管理IC、USB PD控制IC、MCU、馬達控制IC,Type-C、USB PD、電源管理,IC設計、電源控制,,,existing_refined_tags
2026-07-03T05:52:07.138250+08:00,2439,美律實業,通信網路業,skipped_existing,電聲元件、耳機揚聲器,耳機、揚聲器、麥克風、電聲元件、穿戴音訊,TWS耳機、AI語音、穿戴裝置,電聲元件,,,existing_refined_tags
2026-07-03T05:52:07.138253+08:00,2442,新美齊,建材營造,skipped_existing,建設開發、住宅推案,住宅建案、商辦開發、土地開發、不動產銷售,房市循環、都更、建案入帳,建設開發,,,existing_refined_tags
2026-07-03T05:52:07.138257+08:00,2455,全新光電科技,通信網路業,skipped_existing,砷化鎵磊晶、RF元件材料,砷化鎵磊晶、射頻元件、光電磊晶、化合物半導體,5G RF、衛星通訊、化合物半導體,GaAs、RF磊晶,,,existing_refined_tags
2026-07-03T05:52:07.138261+08:00,2462,台灣良得電子,電子零組件業,skipped_existing,電源線、線束連接線,電源線、訊號線、連接線組、充電線材,Type-C、充電線材、消費電子,線束、電源線,,,existing_refined_tags
2026-07-03T05:52:07.138264+08:00,2464,盟立自動化,其他電子業,skipped_existing,自動化系統、智慧物流設備,自動化設備、智慧物流系統、倉儲自動化、機器人整合,智慧製造、物流自動化、機器人,自動化設備,,,existing_refined_tags
2026-07-03T05:52:07.138271+08:00,2467,志聖工業,電子零組件業,skipped_existing,PCB、半導體製程設備,烘烤設備、塗佈設備、PCB設備、半導體製程設備,先進封裝、PCB設備、半導體設備,電子製程設備,,,existing_refined_tags
2026-07-03T05:52:07.138274+08:00,2476,鉅祥企業,電子零組件業,skipped_existing,精密沖壓件、端子模具,精密沖壓件、連接器端子、模具、金屬機構件,車用零件、連接器、精密金屬件,精密沖壓件,,,existing_refined_tags
2026-07-03T05:52:07.138277+08:00,2486,一詮精密工業,光電業,skipped_existing,LED導線架、散熱金屬件,LED導線架、沖壓件、散熱金屬件、光電零組件,LED、散熱、Mini LED材料,LED材料、散熱金屬件,,,existing_refined_tags
2026-07-03T05:52:07.138281+08:00,2528,皇普建設,建材營造,skipped_existing,建設開發、住宅推案,住宅建案、商辦開發、土地開發、不動產銷售,房市循環、都更、建案入帳,建設開發,,,existing_refined_tags
2026-07-03T05:52:07.138286+08:00,2530,大華建設,建材營造,skipped_existing,建設開發、住宅推案,住宅建案、商辦開發、土地開發、不動產銷售,房市循環、都更、建案入帳,建設開發,,,existing_refined_tags
2026-07-03T05:52:07.138289+08:00,2548,華固建設,建材營造,skipped_existing,建設開發、住宅推案,住宅建案、商辦開發、土地開發、不動產銷售,房市循環、都更、建案入帳,建設開發,,,existing_refined_tags
2026-07-03T05:52:07.138292+08:00,2641,正德海運,航運業,skipped_existing,散裝航運、船隊營運,散裝船、船舶營運、航運服務、乾散貨運輸,BDI、散裝航運、景氣循環,散裝航運,,,existing_refined_tags
2026-07-03T05:52:07.138296+08:00,2727,王品餐飲,觀光餐旅,skipped_existing,連鎖餐飲、餐飲品牌集團,連鎖餐飲、餐廳品牌、內需消費、餐飲服務,內需消費、餐飲展店、通膨轉嫁,連鎖餐飲,,,existing_refined_tags
2026-07-03T05:52:07.138300+08:00,2732,六角國際事業,觀光餐旅,skipped_existing,連鎖手搖飲、餐飲品牌,手搖飲、連鎖餐飲、品牌授權、海外展店,手搖飲、餐飲展店、內需消費,手搖飲、餐飲,,,existing_refined_tags
2026-07-03T05:52:07.138303+08:00,2743,山富國際旅行社,觀光餐旅,skipped_existing,旅行社、旅遊服務,旅行社、團體旅遊、機票飯店、旅遊服務,出境旅遊、觀光復甦、航空旅遊,旅行社,,,existing_refined_tags
2026-07-03T05:52:07.138307+08:00,2745,五福旅行社,觀光餐旅,skipped_existing,旅行社、團體旅遊,旅行社、團體旅遊、機票旅遊、自由行服務,出境旅遊、觀光復甦,旅行社,,,existing_refined_tags
2026-07-03T05:52:07.138310+08:00,2753,八方雲集國際,觀光餐旅,skipped_existing,連鎖餐飲、鍋貼水餃,鍋貼、水餃、連鎖餐飲、食品加工,內需消費、餐飲展店、食品通路,連鎖餐飲,,,existing_refined_tags
2026-07-03T05:52:07.138313+08:00,2755,揚秦國際企業,觀光餐旅,skipped_existing,連鎖餐飲、早午餐品牌,連鎖餐飲、早午餐、炸雞品牌、餐飲加盟,內需消費、餐飲展店,連鎖餐飲,,,existing_refined_tags
2026-07-03T05:52:07.138316+08:00,2756,聯發國際餐飲事業,觀光餐旅,skipped_existing,連鎖飲料、餐飲品牌,手搖飲、連鎖飲料、品牌授權、餐飲加盟,手搖飲、餐飲展店、海外展店,手搖飲,,,existing_refined_tags
2026-07-03T05:52:07.138319+08:00,2906,高林實業,貿易百貨,skipped_existing,服飾通路、品牌代理,服飾代理、零售通路、品牌代理、百貨通路,內需消費、服飾零售、通路,服飾通路,,,existing_refined_tags
2026-07-03T05:52:07.138322+08:00,3011,今皓實業,電子零組件業,skipped_existing,連接線組、線束,連接線、訊號線、線束、電源線,PC周邊、車用線束、Type-C,線束、連接線,,,existing_refined_tags
2026-07-03T05:52:07.138325+08:00,3013,晟銘電子科技,電腦及週邊設備業,skipped_existing,AI伺服器機殼、機櫃,伺服器機殼、機櫃、機箱、金屬機構件,AI伺服器、資料中心、機櫃,伺服器機殼,,,existing_refined_tags
2026-07-03T05:52:07.138330+08:00,3016,嘉晶電子,半導體業,skipped_existing,半導體,IC設計、晶圓代工、封測、設備材料,AI晶片、HPC、半導體循環,半導體,,,existing_refined_tags
2026-07-03T05:52:07.138333+08:00,3032,偉訓科技,電子零組件業,skipped_existing,電子零組件,PCB、被動元件、連接器、散熱、功率元件,AI伺服器、車用電子,電子零組件,,,existing_refined_tags
2026-07-03T05:52:07.138336+08:00,3033,威健實業,電子通路業,skipped_existing,IC通路、電子零件代理,IC代理、電子零件通路、系統解決方案、半導體代理,AI硬體通路、半導體通路、記憶體通路,IC通路,,,existing_refined_tags
2026-07-03T05:52:07.138341+08:00,3037,欣興電子,電子零組件業,skipped_existing,高階PCB、載板,HDI、ABF載板、IC載板、伺服器PCB,AI伺服器、先進封裝、載板,PCB、載板,,,existing_refined_tags
2026-07-03T05:52:07.138345+08:00,3040,遠見科技,其他,skipped_existing,多角化、其他,多角化經營、租賃、服務、控股,內需、資產題材,其他,,,existing_refined_tags
2026-07-03T05:52:07.138348+08:00,3045,台灣大哥大,通信網路業,skipped_existing,通訊網路,網通設備、光通訊、無線通訊、天線,AI資料中心、5G、衛星、WiFi 7,通訊網路,,,existing_refined_tags
2026-07-03T05:52:07.138351+08:00,3088,艾訊,電腦及週邊設備業,skipped_existing,工業電腦、嵌入式系統,IPC、嵌入式電腦、人機介面、工控平台,邊緣AI、工業4.0,工業電腦,,,existing_refined_tags
2026-07-03T05:52:07.138354+08:00,3092,鴻碩精密電工,電子零組件業,skipped_existing,電子零組件,PCB、被動元件、連接器、散熱、功率元件,AI伺服器、車用電子,電子零組件,,,existing_refined_tags
2026-07-03T05:52:07.138357+08:00,3095,及成企業,通信網路業,skipped_existing,通訊網路,網通設備、光通訊、無線通訊、天線,AI資料中心、5G、衛星、WiFi 7,通訊網路,,,existing_refined_tags
2026-07-03T05:52:07.138361+08:00,3122,笙泉科技,半導體業,skipped_existing,IC設計,通訊IC、MCU、驅動IC、控制IC,AIoT、邊緣AI、消費電子復甦,IC設計,,,existing_refined_tags
2026-07-03T05:52:07.138367+08:00,3128,昇銳智慧科技,光電業,skipped_existing,光電、顯示,面板、光學、LED、光電材料,車載顯示、光學升級,光電,,,existing_refined_tags
2026-07-03T05:52:07.138372+08:00,3131,弘塑科技,半導體業,skipped_existing,半導體濕製程設備,濕製程設備、清洗設備、蝕刻設備、晶圓級封裝設備,先進封裝、CoWoS、半導體設備,半導體設備,,,existing_refined_tags
2026-07-03T05:52:07.138377+08:00,3135,凌航科技,半導體業,skipped_existing,半導體,IC設計、晶圓代工、封測、設備材料,AI晶片、HPC、半導體循環,半導體,,,existing_refined_tags
2026-07-03T05:52:07.138383+08:00,3141,晶宏半導體,半導體業,skipped_existing,IC設計,通訊IC、MCU、驅動IC、控制IC,AIoT、邊緣AI、消費電子復甦,IC設計,,,existing_refined_tags
2026-07-03T05:52:07.138388+08:00,3167,大量科技,電機機械,skipped_existing,半導體、PCB設備,製程設備、自動化設備、檢測設備,CoWoS、先進封裝、PCB擴產,設備,,,existing_refined_tags
2026-07-03T05:52:07.138394+08:00,3188,鑫龍騰開發,建材營造,skipped_existing,建設營造,建設、營造、土地資產、工程,房市、都更、公共工程,營建,,,existing_refined_tags
2026-07-03T05:52:07.138398+08:00,3207,耀勝電子,電子零組件業,skipped_existing,電子零組件,PCB、被動元件、連接器、散熱、功率元件,AI伺服器、車用電子,電子零組件,,,existing_refined_tags
2026-07-03T05:52:07.138404+08:00,3257,虹冠電子工業,半導體業,skipped_existing,功率元件,MOSFET、二極體、整流器、功率IC、車用功率元件,AI電源、車用電子、電源管理,功率元件,,,existing_refined_tags
2026-07-03T05:52:07.138409+08:00,3260,威剛科技,半導體業,skipped_existing,記憶體模組、SSD,DRAM模組、SSD、NAND Flash模組,AI邊緣儲存、記憶體循環,記憶體模組,,,existing_refined_tags
2026-07-03T05:52:07.138413+08:00,3272,東碩資訊,電腦及週邊設備業,skipped_existing,電腦週邊、系統,PC、NB、伺服器、週邊、工業電腦,AI伺服器、AI PC,電腦週邊,,,existing_refined_tags
2026-07-03T05:52:07.138418+08:00,3284,太普高精密影像,其他,skipped_existing,多角化、其他,多角化經營、租賃、服務、控股,內需、資產題材,其他,,,existing_refined_tags
2026-07-03T05:52:07.138422+08:00,3294,英濟,電子零組件業,skipped_existing,電子零組件,PCB、被動元件、連接器、散熱、功率元件,AI伺服器、車用電子,電子零組件,,,existing_refined_tags
2026-07-03T05:52:07.138425+08:00,3303,岱稜科技,其他電子業,skipped_existing,電子製造服務、設備,EMS、設備、材料、精密零組件,AI伺服器、半導體設備,其他電子,,,existing_refined_tags
2026-07-03T05:52:07.138429+08:00,3305,昇貿科技,其他電子業,skipped_existing,焊錫材料、電子接合材料,焊錫絲、錫膏、焊錫條、電子接合材料、助焊劑,電子材料、半導體封裝材料、AI硬體材料,焊錫、電子材料,,,existing_refined_tags
2026-07-03T05:52:07.138432+08:00,3312,弘憶國際,電子通路業,skipped_existing,半導體通路、電子零組件代理,IC代理、電子零組件通路、通訊元件代理、系統整合,半導體通路、AIoT、網通元件,電子通路,,,existing_refined_tags
2026-07-03T05:52:07.138436+08:00,3313,斐成開發科技,建材營造,skipped_existing,建設開發、資產活化,住宅開發、不動產開發、土地資產、商用不動產,都更、資產活化、建案入帳,建設、資產,,,existing_refined_tags
2026-07-03T05:52:07.138441+08:00,3322,建舜電子製造,電子零組件業,skipped_existing,音訊、網通連接器,連接器、耳機插座、RJ連接器、線束元件,網通、消費電子、音訊連接器,連接器,,,existing_refined_tags
2026-07-03T05:52:07.138445+08:00,3324,雙鴻科技,其他電子業,skipped_existing,散熱模組、水冷熱管理,熱管、均熱板、散熱模組、水冷板、伺服器散熱,AI伺服器、液冷散熱、散熱升級,散熱、液冷,,,existing_refined_tags
2026-07-03T05:52:07.138450+08:00,3346,麗清科技,汽車工業,skipped_existing,車用LED照明模組,車燈模組、LED車燈、車用照明、汽車電子零件,電動車、車用LED、智慧車燈,車用照明,,,existing_refined_tags
2026-07-03T05:52:07.138453+08:00,3357,西北臺慶科技,電子零組件業,skipped_existing,功率電感、磁性元件,功率電感、磁珠、變壓器、磁性元件,AI伺服器電源、車用電子、被動元件,功率電感,,,existing_refined_tags
2026-07-03T05:52:07.138458+08:00,3362,先進光電科技,光電業,skipped_existing,光學鏡頭、車載鏡頭,光學鏡頭、手機鏡頭、車載鏡頭、影像模組,車用鏡頭、AI影像、光學升級,光學鏡頭,,,existing_refined_tags
2026-07-03T05:52:07.138462+08:00,3376,新日興,電子零組件業,skipped_existing,轉軸、精密機構件,筆電轉軸、折疊機構、精密機構件、軸承零組件,摺疊手機、AI PC、精密機構,轉軸、機構件,,,existing_refined_tags
2026-07-03T05:52:07.138465+08:00,3388,崇越電通,電子零組件業,skipped_existing,電子材料、玻纖布材料,玻璃纖維布、電子材料、PCB上游材料、絕緣材料,PCB材料、AI伺服器材料、電子材料,PCB上游材料,,,existing_refined_tags
2026-07-03T05:52:07.138468+08:00,3390,旭軟電子科技,電子零組件業,skipped_existing,軟性印刷電路板FPC,軟板、FPC、柔性電路板、薄膜開關,穿戴裝置、車用電子、軟板,FPC軟板,,,existing_refined_tags
2026-07-03T05:52:07.138472+08:00,3416,融程電訊,電腦及週邊設備業,skipped_existing,強固型工業電腦、車載電腦,強固型電腦、工業平板、車載電腦、軍工電腦,邊緣AI、車載電腦、工業電腦,工業電腦,,,existing_refined_tags
2026-07-03T05:52:07.138475+08:00,3479,安勤科技,電腦及週邊設備業,skipped_existing,嵌入式工業電腦、邊緣AI,嵌入式電腦、工業電腦、邊緣運算平台、醫療電腦,邊緣AI、工業電腦、醫療電腦,工業電腦,,,existing_refined_tags
2026-07-03T05:52:07.138477+08:00,3483,力致科技,電腦及週邊設備業,skipped_existing,散熱模組、筆電熱管理,散熱模組、散熱風扇、熱管、筆電散熱,AI PC、伺服器散熱、熱管理,散熱,,,existing_refined_tags
2026-07-03T05:52:07.138480+08:00,3484,崧騰企業,電子零組件業,skipped_existing,開關、連接器模組,開關、連接器、電源開關、感測開關模組,車用電子、工控開關、連接器,開關、連接器,,,existing_refined_tags
2026-07-03T05:52:07.138484+08:00,3491,昇達科技,通信網路業,skipped_existing,微波毫米波通訊元件,高頻被動元件、微波元件、毫米波元件、天線、無線回傳,衛星通訊、5G基地台、低軌衛星,高頻通訊、衛星通訊,,,existing_refined_tags
2026-07-03T05:52:07.138488+08:00,3516,亞帝歐光電,光電業,skipped_existing,LED照明、光電模組,LED照明、LED模組、照明燈具、光電應用產品,LED照明、節能照明,LED照明,,,existing_refined_tags
2026-07-03T05:52:07.138492+08:00,3518,柏騰科技,其他電子業,skipped_existing,功能性鍍膜、表面處理,真空鍍膜、功能性薄膜、表面處理、光電鍍膜,功能材料、光電鍍膜、車用表面處理,功能性鍍膜,,,existing_refined_tags
2026-07-03T05:52:07.138495+08:00,3522,御嵿國際,觀光餐旅,skipped_existing,餐飲宴會、觀光餐旅,餐飲服務、宴會場地、觀光餐旅、餐廳營運,內需消費、宴會復甦、觀光餐旅,餐飲宴會,,,existing_refined_tags
2026-07-03T05:52:07.138499+08:00,3526,凡甲科技,電子零組件業,skipped_existing,高速連接器、伺服器連接器,高速連接器、伺服器連接器、CPU Socket、車用連接器,AI伺服器、PCIe高速傳輸、車用電子,高速連接器,,,existing_refined_tags
2026-07-03T05:52:07.138504+08:00,3543,州巧科技,光電業,skipped_existing,顯示器背光、光電機構件,背光模組零組件、光電機構件、沖壓件、顯示器零組件,面板供應鏈、顯示器、背光模組,背光、顯示零組件,,,existing_refined_tags
2026-07-03T05:52:07.138509+08:00,3548,兆利科技工業,電子零組件業,skipped_existing,轉軸、精密機構件,筆電轉軸、折疊機構、精密沖壓件、機構模組,摺疊手機、AI PC、精密機構,轉軸、機構件,,,existing_refined_tags
2026-07-03T05:52:07.138515+08:00,3551,世禾科技,綠能環保,skipped_existing,半導體設備清洗、零組件再生,半導體設備零組件清洗、再生、表面處理、精密清洗,先進製程、半導體耗材、綠色製程,半導體清洗再生,,,existing_refined_tags
2026-07-03T05:52:07.138520+08:00,3564,其陽科技,通信網路業,skipped_existing,工業網安、網通設備,工業網安設備、網路安全設備、嵌入式網通平台、工控通訊,資安、工業物聯網、邊緣AI,工業網通、資安,,,existing_refined_tags
2026-07-03T05:52:07.138525+08:00,3583,辛耘企業,半導體業,skipped_existing,半導體設備、濕製程設備,濕製程設備、再生晶圓設備、半導體設備、自動化設備,CoWoS擴產、半導體設備、先進封裝,半導體設備,,,existing_refined_tags
2026-07-03T05:52:07.138532+08:00,3587,閎康科技,其他電子業,skipped_existing,半導體材料分析、故障分析,材料分析、故障分析、可靠度分析、半導體檢測服務,先進製程、先進封裝、半導體檢測,半導體檢測分析,,,existing_refined_tags
2026-07-03T05:52:07.138537+08:00,3591,艾笛森光電,光電業,skipped_existing,LED封裝、照明模組,LED封裝、LED照明模組、車用照明、植物照明,LED照明、車用LED、植物照明,LED封裝、照明,,,existing_refined_tags
2026-07-03T05:52:07.138543+08:00,3605,宏致電子,電子零組件業,skipped_existing,高速連接器、線束,高速連接器、線束、車用連接器、伺服器連接器,AI伺服器、車用電子、高速傳輸,連接器、線束,,,existing_refined_tags
2026-07-03T05:52:07.138549+08:00,3617,碩天科技,其他電子業,skipped_existing,UPS不斷電系統、電源管理,UPS不斷電系統、電源管理、機房電力保護、儲能備援,AI資料中心、電力備援、儲能,UPS、電源系統,,,existing_refined_tags
2026-07-03T05:52:07.138554+08:00,3680,家登精密工業,半導體業,skipped_existing,EUV光罩盒、晶圓載具,EUV光罩盒、晶圓傳載盒、先進製程載具、半導體耗材,EUV、先進製程、台積電供應鏈,半導體載具,,,existing_refined_tags
2026-07-03T05:52:07.138559+08:00,3684,榮昌科技,通信網路業,skipped_existing,通訊線纜、光纖被動元件,光纖線纜、通訊線材、連接線、網通配線材料,資料中心布線、光纖通訊、網通升級,通訊線纜,,,existing_refined_tags
2026-07-03T05:52:07.138565+08:00,3687,茂為歐買尬數位科技,數位雲端,skipped_existing,線上遊戲、數位金流服務,線上遊戲、數位娛樂、第三方支付、遊戲平台,數位娛樂、遊戲、電子支付,遊戲、數位金流,,,existing_refined_tags
2026-07-03T05:52:07.138571+08:00,3689,湧德電子,電子零組件業,skipped_existing,網路變壓器、連接器,網路變壓器、RJ連接器、磁性元件、網通元件,AI資料中心網路、PoE、網通升級,網通連接器、磁性元件,,,existing_refined_tags
2026-07-03T05:52:07.138576+08:00,3691,碩禾電子材料,光電業,skipped_existing,太陽能導電漿、光伏材料,太陽能導電漿、銀漿、光伏材料、電子材料,太陽能、光伏材料、綠能材料,太陽能材料,,,existing_refined_tags
2026-07-03T05:52:07.138581+08:00,3702,大聯大控股,電子通路業,skipped_existing,大型IC通路、半導體代理,IC通路、半導體代理、電子零組件供應鏈、加值服務,AI硬體供應鏈、半導體通路、車用電子,大型IC通路,,,existing_refined_tags
2026-07-03T05:52:07.138586+08:00,3707,漢磊科技,半導體業,skipped_existing,化合物半導體、功率元件晶圓,SiC、GaN磊晶、功率元件晶圓、晶圓代工、化合物半導體,車用功率元件、SiC、GaN、AI電源,功率半導體,,,existing_refined_tags
2026-07-03T05:52:07.138591+08:00,3708,上緯國際控股,綠能環保,skipped_existing,風電材料、環保樹脂,風電樹脂、環保樹脂、複合材料、特用化學材料,離岸風電、綠能材料、環保材料,風電材料,,,existing_refined_tags
2026-07-03T05:52:07.138598+08:00,3715,定穎投資控股,電子零組件業,skipped_existing,車用、高頻PCB,車用PCB、高頻高速板、多層PCB、HDI板,車用電子、AI伺服器PCB、電動車,PCB,,,existing_refined_tags
2026-07-03T05:52:07.138603+08:00,3717,聯嘉光電投資控股,汽車工業,skipped_existing,車用LED照明、車燈模組,LED車燈、車用照明模組、汽車電子、車燈控制模組,電動車、智慧車燈、車用LED,車用照明,,,existing_refined_tags
2026-07-03T05:52:07.138609+08:00,4113,聯上實業,建材營造,skipped_existing,建設開發、住宅推案,住宅建案、商辦開發、土地開發、不動產銷售,房市循環、都更、建案入帳,建設開發,,,existing_refined_tags
2026-07-03T05:52:07.138613+08:00,4123,晟德大藥廠,生技醫療業,skipped_existing,生技控股、新藥投資平台,新藥投資、生技控股、CDMO投資、醫藥事業投資,新藥、CDMO、生技投資,生技控股,,,existing_refined_tags
2026-07-03T05:52:07.138618+08:00,4129,聯合骨科器材,生技醫療業,skipped_existing,骨科、牙科醫材,人工關節、骨科植入物、牙科醫材、手術器械,高齡化、醫材、骨科耗材,醫材,,,existing_refined_tags
2026-07-03T05:52:07.138624+08:00,4137,麗豐,生技醫療業,skipped_existing,醫美保養、美容通路,美容保養品、醫美保養、加盟通路、美容服務,醫美、保養品、內需消費,醫美保養通路,,,existing_refined_tags
2026-07-03T05:52:07.138629+08:00,4164,承業生醫投資控股,生技醫療業,skipped_existing,醫療設備代理、放射治療服務,放射治療設備、醫療設備代理、醫療院所服務、設備維護,精準醫療、癌症治療、醫療設備,醫療設備服務,,,existing_refined_tags
2026-07-03T05:52:07.138636+08:00,4168,台灣醣聯生技醫藥,生技醫療業,skipped_existing,醣分子抗體新藥,抗體新藥、醣分子技術、癌症免疫治療、生物藥,新藥研發、免疫治療、癌症治療,新藥研發,,,existing_refined_tags
2026-07-03T05:52:07.138641+08:00,4190,佐登妮絲集團,生技醫療業,skipped_existing,美容保養、連鎖通路,美容保養品、美容SPA、連鎖通路、醫美保養,醫美、保養品、內需消費,美容通路,,,existing_refined_tags
2026-07-03T05:52:07.138646+08:00,4416,三圓建設,建材營造,skipped_existing,建設開發、住宅推案,住宅建案、商辦開發、土地開發、不動產銷售,房市循環、都更、建案入帳,建設開發,,,existing_refined_tags
2026-07-03T05:52:07.138652+08:00,4438,廣越企業,紡織纖維,skipped_existing,機能羽絨服、戶外服飾代工,羽絨外套、機能外套、戶外服飾、品牌服飾代工,戶外服飾、品牌代工、寒冬概念,機能服飾代工,,,existing_refined_tags
2026-07-03T05:52:07.138658+08:00,4439,冠星集團控股有限公司,紡織纖維,skipped_existing,成衣代工、機能服飾,成衣代工、針織服飾、運動休閒服、品牌代工,運動休閒服飾、品牌代工、紡織景氣,成衣代工,,,existing_refined_tags
2026-07-03T05:52:07.138663+08:00,4442,開曼群島商竣邦國際,紡織纖維,skipped_existing,機能布、運動服飾設計代工,機能布、運動服飾、成衣設計、品牌代工,運動服飾、機能布、品牌代工,機能服飾,,,existing_refined_tags
2026-07-03T05:52:07.138668+08:00,4503,金雨企業,電機機械,skipped_existing,自動販賣機、智慧零售設備,自動販賣機、智慧販售設備、零售自動化、機械設備,智慧零售、自動化設備,智慧零售設備,,,existing_refined_tags
2026-07-03T05:52:07.138673+08:00,4510,高鋒工業,電機機械,skipped_existing,工具機、CNC加工設備,CNC工具機、加工中心機、切削設備、機械加工設備,工具機、自動化、製造業復甦,工具機,,,existing_refined_tags
2026-07-03T05:52:07.138678+08:00,4542,科嶠工業,電子零組件業,skipped_existing,電子零組件,PCB、被動元件、連接器、散熱、功率元件,AI伺服器、車用電子,電子零組件,,,existing_refined_tags
2026-07-03T05:52:07.138683+08:00,4549,桓達科技,電機機械,skipped_existing,機械、自動化,機械設備、自動化、零組件,智慧製造、自動化,機械,,,existing_refined_tags
2026-07-03T05:52:07.138688+08:00,4555,台灣氣立,電機機械,skipped_existing,機械、自動化,機械設備、自動化、零組件,智慧製造、自動化,機械,,,existing_refined_tags
2026-07-03T05:52:07.138693+08:00,4558,寶緯工業,電機機械,skipped_existing,機械、自動化,機械設備、自動化、零組件,智慧製造、自動化,機械,,,existing_refined_tags
2026-07-03T05:52:07.138698+08:00,4564,元翎精密工業,電機機械,skipped_existing,機械、自動化,機械設備、自動化、零組件,智慧製造、自動化,機械,,,existing_refined_tags
2026-07-03T05:52:07.138705+08:00,4566,時碩工業,電機機械,skipped_existing,機械、自動化,機械設備、自動化、零組件,智慧製造、自動化,機械,,,existing_refined_tags
2026-07-03T05:52:07.138711+08:00,4569,六方科技,汽車工業,skipped_existing,汽車零組件、整車,汽車零組件、車用電子、AM市場、整車,電動車、車用電子,汽車,,,existing_refined_tags
2026-07-03T05:52:07.138714+08:00,4572,駐龍精密機械,電機機械,skipped_existing,機械、自動化,機械設備、自動化、零組件,智慧製造、自動化,機械,,,existing_refined_tags
2026-07-03T05:52:07.138717+08:00,4581,World Known MFG(Cayman)Limited,汽車工業,skipped_existing,汽車零組件、整車,汽車零組件、車用電子、AM市場、整車,電動車、車用電子,汽車,,,existing_refined_tags
2026-07-03T05:52:07.138721+08:00,4714,永捷創新科技,化學工業,skipped_existing,化工材料,化學品、樹脂、特用材料,材料國產化、景氣循環,化工,,,existing_refined_tags
2026-07-03T05:52:07.138724+08:00,4722,國精化學,化學工業,skipped_existing,化工材料,化學品、樹脂、特用材料,材料國產化、景氣循環,化工,,,existing_refined_tags
2026-07-03T05:52:07.138731+08:00,4739,康普材料科技,化學工業,skipped_existing,化工材料,化學品、樹脂、特用材料,材料國產化、景氣循環,化工,,,existing_refined_tags
2026-07-03T05:52:07.138736+08:00,4749,新應材,半導體業,skipped_existing,半導體特用化學材料,半導體材料、顯影、洗淨材料、特殊化學品,先進製程、半導體材料國產化,半導體材料,,,existing_refined_tags
2026-07-03T05:52:07.138742+08:00,4760,勤凱科技,其他電子業,skipped_existing,導電材料、電子漿料,導電漿、電極材料、被動元件材料、厚膜材料,AI電源、被動元件、車用電子,電子材料,,,existing_refined_tags
2026-07-03T05:52:07.138747+08:00,4772,台灣特品化學,化學工業,skipped_existing,半導體特用氣體、化學材料,特用化學品、電子級材料、半導體材料,先進製程、材料國產化,半導體材料,,,existing_refined_tags
2026-07-03T05:52:07.138754+08:00,4923,力士科技,半導體業,skipped_existing,功率元件,MOSFET、二極體、整流器、功率IC、車用功率元件,AI電源、車用電子、電源管理,功率元件,,,existing_refined_tags
2026-07-03T05:52:07.138759+08:00,4931,新盛力科技,電腦及週邊設備業,skipped_existing,電腦週邊、系統,PC、NB、伺服器、週邊、工業電腦,AI伺服器、AI PC,電腦週邊,,,existing_refined_tags
2026-07-03T05:52:07.138765+08:00,4967,十銓科技,半導體業,skipped_existing,記憶體模組、SSD,DRAM模組、SSD、電競記憶體,AI PC、記憶體循環,記憶體模組,,,existing_refined_tags
2026-07-03T05:52:07.138771+08:00,4979,華星光通科技,通信網路業,skipped_existing,光通訊元件,光收發模組、光主動、被動元件,AI資料中心、800G、光通訊,光通訊,,,existing_refined_tags
2026-07-03T05:52:07.138776+08:00,5009,榮剛材料科技,鋼鐵工業,skipped_existing,特殊鋼、航太與能源鋼材,特殊鋼、合金鋼、航太鋼材、能源鋼材,航太、軍工、能源設備、特殊鋼,特殊鋼,,,existing_refined_tags
2026-07-03T05:52:07.138783+08:00,5201,凱衛資訊,資訊服務業,skipped_existing,ERP、企業管理軟體,ERP、企業管理軟體、雲端系統、客製化軟體,企業數位轉型、SaaS、雲端ERP,企業軟體,,,existing_refined_tags
2026-07-03T05:52:07.138788+08:00,5209,新鼎系統,其他,skipped_existing,工程資訊、系統整合服務,工程資訊系統、工業自動化、系統整合、維運服務,智慧工程、工業數位化、資訊服務,工程系統整合,,,existing_refined_tags
2026-07-03T05:52:07.138793+08:00,5212,凌網科技,資訊服務業,skipped_existing,電子化政府、圖書館資訊系統,電子化政府、圖書館自動化、資訊系統整合、雲端服務,智慧政府、數位轉型、資訊服務,電子化政府、SI,,,existing_refined_tags
2026-07-03T05:52:07.138799+08:00,5230,雷笛克光學,光電業,skipped_existing,LED二次光學透鏡,LED二次光學透鏡、光學透鏡、車燈透鏡、照明光學元件,車用照明、LED光學、Mini LED,LED光學元件,,,existing_refined_tags
2026-07-03T05:52:07.138804+08:00,5244,弘凱光電,光電業,skipped_existing,LED封裝、車用照明,LED封裝、LED元件、車用LED、照明模組,車用LED、LED照明,LED封裝,,,existing_refined_tags
2026-07-03T05:52:07.138810+08:00,5245,智晶光電,光電業,skipped_existing,OLED、PMOLED顯示模組,PMOLED、OLED顯示模組、小尺寸顯示器、穿戴顯示,OLED、穿戴裝置、工控顯示,OLED顯示模組,,,existing_refined_tags
2026-07-03T05:52:07.138815+08:00,5263,智崴資訊科技,文化創意業,skipped_existing,體感娛樂設備、主題樂園設備,飛行劇院、體感娛樂設備、主題樂園設備、沉浸式娛樂,觀光娛樂、沉浸式體驗、文創科技,體感娛樂,,,existing_refined_tags
2026-07-03T05:52:07.138821+08:00,5284,經寶精密控股,其他,skipped_existing,航太、伺服器金屬機構件,航太金屬件、機櫃機構件、精密鈑金、伺服器機構件,AI伺服器、航太、資料中心機櫃,航太、伺服器機構件,,,existing_refined_tags
2026-07-03T05:52:07.138826+08:00,5306,桂盟國際,運動休閒,skipped_existing,自行車鏈條、傳動零件,自行車鏈條、電動自行車鏈條、傳動零件、工業鏈條,自行車、電動自行車、運動休閒,自行車零件,,,existing_refined_tags
2026-07-03T05:52:07.138833+08:00,5309,系統電子工業,電子零組件業,skipped_existing,電池模組、車用電子系統,電池模組、車用電子、工業電腦、儲能系統,儲能、車用電子、工控電源,電池模組、車用電子,,,existing_refined_tags
2026-07-03T05:52:07.138838+08:00,5321,美而快國際,數位雲端,skipped_existing,社群電商、服飾電商平台,服飾電商、直播電商、社群銷售、品牌電商,電商、社群商務、內需消費,電商平台,,,existing_refined_tags
2026-07-03T05:52:07.138843+08:00,5388,中磊電子,通信網路業,skipped_existing,寬頻網通設備、電信終端,Cable Modem、路由器、5G CPE、寬頻終端、物聯網設備,5G FWA、Wi-Fi 7、寬頻升級,網通設備,,,existing_refined_tags
2026-07-03T05:52:07.138849+08:00,5434,崇越科技,電子通路業,skipped_existing,半導體材料、設備通路,半導體材料、設備代理、矽晶圓材料、化學材料,半導體材料、先進製程、設備代理,半導體材料通路,,,existing_refined_tags
2026-07-03T05:52:07.138854+08:00,5439,高技企業,電子零組件業,skipped_existing,高階PCB、網通板,高多層PCB、網通板、伺服器PCB、工控板,AI伺服器PCB、網通升級、資料中心,高階PCB,,,existing_refined_tags
2026-07-03T05:52:07.138859+08:00,5450,南良國際,其他,skipped_existing,機能材料、防護紡織材料,機能性材料、橡塑膠材料、防護材料、貼合材料,防護材料、醫療材料、機能紡織,機能材料,,,existing_refined_tags
2026-07-03T05:52:07.138866+08:00,5457,宣德科技,電子零組件業,skipped_existing,連接器、線束模組,連接器、線束、車用連接器、消費電子連接器,車用電子、AI伺服器、Type-C,連接器、線束,,,existing_refined_tags
2026-07-03T05:52:07.138873+08:00,5464,霖宏科技,電子零組件業,skipped_existing,PCB印刷電路板,PCB、多層板、車用板、工控板,車用電子、工控PCB、PCB景氣,PCB,,,existing_refined_tags
2026-07-03T05:52:07.138879+08:00,5534,長虹建設,建材營造,skipped_existing,建設開發、住宅推案,住宅建案、商辦開發、土地開發、不動產銷售,房市循環、都更、建案入帳,建設開發,,,existing_refined_tags
2026-07-03T05:52:07.138884+08:00,5608,四維航業,航運業,skipped_existing,散裝航運、船隊營運,散裝船、乾散貨運輸、船隊營運、航運服務,BDI、散裝航運、原物料運輸,散裝航運,,,existing_refined_tags
2026-07-03T05:52:07.138892+08:00,6015,宏遠證券,金融業,skipped_existing,證券經紀、金融服務,證券經紀、自營、承銷、金融服務,股市成交量、證券、金融股,證券,,,existing_refined_tags
2026-07-03T05:52:07.138901+08:00,6101,寬魚國際,文化創意業,skipped_existing,演藝經紀、文創娛樂,藝人經紀、演唱會、文創娛樂、內容IP,演唱會經濟、文創娛樂、內容IP,文創娛樂,,,existing_refined_tags
2026-07-03T05:52:07.138907+08:00,6104,創惟科技,半導體業,skipped_existing,USB高速傳輸控制IC,USB控制IC、USB Hub、Type-C控制晶片、高速傳輸IC,USB4、Type-C、PC周邊高速傳輸,高速傳輸IC,,,existing_refined_tags
2026-07-03T05:52:07.138913+08:00,6111,光聚晶電聯合,文化創意業,skipped_existing,光電材料、文創轉型資產,光電材料、LED相關、投資轉型、資產題材,轉型題材、光電、資產活化,光電材料、轉型,,,existing_refined_tags
2026-07-03T05:52:07.138918+08:00,6117,迎廣科技,電腦及週邊設備業,skipped_existing,PC、伺服器機殼與電源,PC機殼、伺服器機殼、電源供應器、散熱產品,AI伺服器機殼、PC DIY、電源,機殼、電源,,,existing_refined_tags
2026-07-03T05:52:07.138923+08:00,6125,廣運機械工程,電機機械,skipped_existing,自動化物流、半導體搬運設備,自動化設備、物流系統、倉儲搬運、半導體自動化,智慧物流、半導體設備、自動化,自動化設備,,,existing_refined_tags
2026-07-03T05:52:07.138928+08:00,6126,信音企業,電子零組件業,skipped_existing,電源連接器、訊號連接器,電源連接器、訊號連接器、線束、插座,車用電子、PC周邊、連接器,連接器,,,existing_refined_tags
2026-07-03T05:52:07.138933+08:00,6150,撼訊科技,電腦及週邊設備業,skipped_existing,顯示卡、PC零組件,顯示卡、電競硬體、PC零組件、GPU周邊,AI PC、GPU、電競硬體,顯示卡、PC零組件,,,existing_refined_tags
2026-07-03T05:52:07.138936+08:00,6156,松上電子,電子零組件業,skipped_existing,光電膜材、電子材料加工,保護膜、光學膜、電子材料加工、顯示器材料,光電材料、面板材料、電子材料,光電、電子材料,,,existing_refined_tags
2026-07-03T05:52:07.138940+08:00,6163,華電聯網,資訊服務業,skipped_existing,網路系統整合、資安服務,網路系統整合、資安服務、通訊系統、維運服務,資安、網路建置、AI資料中心網路,網路系統整合,,,existing_refined_tags
2026-07-03T05:52:07.138943+08:00,6177,達麗建設事業,建材營造,skipped_existing,建設開發、住宅推案,住宅建案、商辦開發、土地開發、不動產銷售,房市循環、都更、建案入帳,建設開發,,,existing_refined_tags
2026-07-03T05:52:07.138947+08:00,6179,亞通利大能源,其他,skipped_existing,太陽能工程、綠能系統,太陽能工程、綠能系統整合、機電工程、能源服務,太陽能、綠能工程、儲能,綠能工程,,,existing_refined_tags
2026-07-03T05:52:07.138952+08:00,6182,合晶科技,半導體業,skipped_existing,半導體矽晶圓材料,拋光矽晶圓、磊晶晶圓、SOI晶圓、客製化晶圓、矽晶圓材料,半導體材料、功率半導體、AI先進封裝材料,矽晶圓、半導體材料,,,existing_refined_tags
2026-07-03T05:52:07.138956+08:00,6184,大豐有線電視,其他,skipped_existing,有線電視、寬頻網路服務,有線電視、寬頻上網、數位內容、寬頻網路服務,寬頻升級、數位內容、電信服務,有線電視、寬頻,,,existing_refined_tags
2026-07-03T05:52:07.138961+08:00,6189,豐藝電子,電子通路業,skipped_existing,資訊產品、電子零組件通路,電子零組件通路、資訊產品代理、工業電腦代理、系統整合,AI PC、工業電腦、電子通路,電子通路,,,existing_refined_tags
2026-07-03T05:52:07.138968+08:00,6190,萬泰科技,通信網路業,skipped_existing,網路線纜、通訊佈線,網路線、通訊線纜、光纖線纜、佈線系統,資料中心布線、網通升級,通訊線纜,,,existing_refined_tags
2026-07-03T05:52:07.138972+08:00,6197,佳必琪國際,電子零組件業,skipped_existing,高速連接器、Type-C線材,USB Type-C、連接器、線束、Docking、高速傳輸線,USB4、Type-C、AI PC周邊,高速連接器,,,existing_refined_tags
2026-07-03T05:52:07.138976+08:00,6199,天品聯合企業,其他,skipped_existing,資產開發、營建服務,不動產資產、營建工程、土地開發、投資事業,資產活化、營建、轉型題材,資產開發,,,existing_refined_tags
2026-07-03T05:52:07.138980+08:00,6207,雷科,電子零組件業,skipped_existing,雷射設備、電子材料,雷射加工設備、電子材料、膠帶材料、SMT材料,PCB設備、先進封裝材料、電子材料,雷射設備、電子材料,,,existing_refined_tags
2026-07-03T05:52:07.138983+08:00,6209,今國光學工業,光電業,skipped_existing,光學鏡片、鏡頭模組,光學鏡片、鏡頭模組、車載鏡頭、影像光學元件,車用鏡頭、光學升級、安防影像,光學鏡頭,,,existing_refined_tags
2026-07-03T05:52:07.138986+08:00,6219,富旺國際開發,建材營造,skipped_existing,建設開發、住宅推案,住宅建案、商辦開發、土地開發、不動產銷售,房市循環、都更、建案入帳,建設開發,,,existing_refined_tags
2026-07-03T05:52:07.138990+08:00,6220,岳豐科技,電子零組件業,skipped_existing,線纜、電源線,電源線、網路線、連接線、線纜組件,資料中心布線、充電線材、網通線材,線纜、電源線,,,existing_refined_tags
2026-07-03T05:52:07.138994+08:00,6223,旺矽科技,半導體業,skipped_existing,探針卡、半導體測試介面,探針卡、測試座、半導體測試介面、MEMS探針,AI晶片測試、先進封裝測試、半導體測試,探針卡、測試介面,,,existing_refined_tags
2026-07-03T05:52:07.138997+08:00,6243,迅杰科技,半導體業,skipped_existing,微控制器、消費性IC設計,MCU、微控制器、電源管理IC、消費性IC,MCU、邊緣控制、IC設計,IC設計、MCU,,,existing_refined_tags
2026-07-03T05:52:07.139001+08:00,6269,台郡科技,電子零組件業,skipped_existing,軟性印刷電路板FPC,FPC軟板、軟硬結合板、天線軟板、手機軟板,AI手機、穿戴裝置、車用軟板,FPC軟板,,,existing_refined_tags
2026-07-03T05:52:07.139005+08:00,6274,台燿科技,電子零組件業,skipped_existing,高頻高速銅箔基板CCL,高頻高速CCL、低損耗材料、伺服器材料、網通材料,AI伺服器、800G交換器、PCB材料,高階CCL,,,existing_refined_tags
2026-07-03T05:52:07.139009+08:00,6275,元山科技工業,電子零組件業,skipped_existing,散熱風扇、車用風扇,散熱風扇、車用風扇、伺服器風扇、家電風扇,AI伺服器散熱、車用熱管理、散熱風扇,散熱風扇,,,existing_refined_tags
2026-07-03T05:52:07.139013+08:00,6282,康舒科技,電子零組件業,skipped_existing,電源供應器、能源系統,電源供應器、伺服器電源、電動車充電、能源系統,AI伺服器電源、EV充電、儲能,電源供應器,,,existing_refined_tags
2026-07-03T05:52:07.139016+08:00,6284,佳邦科技,電子零組件業,skipped_existing,保護元件、EMI濾波元件,保護元件、EMI濾波、天線元件、被動元件,車用電子、5G通訊、被動元件,保護元件,,,existing_refined_tags
2026-07-03T05:52:07.139019+08:00,6290,良維科技,電子零組件業,skipped_existing,連接線、電源線束,電源線、訊號線、連接線、充電線材,Type-C、AI PC周邊、線束,線束、電源線,,,existing_refined_tags
2026-07-03T05:52:07.139023+08:00,6414,樺漢科技,電腦及週邊設備業,skipped_existing,工業電腦、嵌入式系統,IPC、嵌入式電腦、工控系統、IoT閘道器,邊緣AI、工業4.0、智慧製造,工業電腦,,,existing_refined_tags
2026-07-03T05:52:07.139026+08:00,6425,易發精機,電機機械,skipped_existing,機械、自動化,機械設備、自動化、零組件,智慧製造、自動化,機械,,,existing_refined_tags
2026-07-03T05:52:07.139029+08:00,6432,今展科技,電子零組件業,skipped_existing,被動元件,MLCC、電阻、電感、電容、保護元件,車用電子、AI電源、庫存循環,被動元件,,,existing_refined_tags
2026-07-03T05:52:07.139034+08:00,6442,光紅建聖,通信網路業,skipped_existing,光通訊元件、矽光供應鏈,光收發模組、光通訊元件、資料中心光連接,AI資料中心、800G、1.6T、矽光子,光通訊,,,existing_refined_tags
2026-07-03T05:52:07.139038+08:00,6451,訊芯科技控股,半導體業,skipped_existing,半導體,IC設計、晶圓代工、封測、設備材料,AI晶片、HPC、半導體循環,半導體,,,existing_refined_tags
2026-07-03T05:52:07.139042+08:00,6469,大樹醫藥,生技醫療業,skipped_existing,生技醫療,藥品、醫材、檢測、保健,新藥、CDMO、醫材,生技,,,existing_refined_tags
2026-07-03T05:52:07.139046+08:00,6472,保瑞藥業,生技醫療業,skipped_existing,學名藥、CDMO,學名藥、藥品代工、CDMO、併購整合,生技併購、CDMO、藥品通路,生技製藥,,,existing_refined_tags
2026-07-03T05:52:07.139050+08:00,6477,安集科技,光電業,skipped_existing,光電、顯示,面板、光學、LED、光電材料,車載顯示、光學升級,光電,,,existing_refined_tags
2026-07-03T05:52:07.139053+08:00,6509,聚和國際,化學工業,skipped_existing,化工材料,化學品、樹脂、特用材料,材料國產化、景氣循環,化工,,,existing_refined_tags
2026-07-03T05:52:07.139057+08:00,6510,中華精測科技,半導體業,skipped_existing,半導體測試介面,探針卡、測試介面、晶圓測試,AI晶片、HPC、半導體測試,半導體測試,,,existing_refined_tags
2026-07-03T05:52:07.139060+08:00,6515,穎崴科技,半導體業,skipped_existing,IC測試介面、測試座,測試座、探針座、老化測試、IC測試耗材,AI晶片、HPC、先進封裝測試,半導體測試,,,existing_refined_tags
2026-07-03T05:52:07.139064+08:00,6533,晶心科技,半導體業,skipped_existing,RISC-V處理器IP,RISC-V CPU IP、處理器核心、SoC設計IP,AIoT、邊緣AI、RISC-V,IC設計、IP,,,existing_refined_tags
2026-07-03T05:52:07.139069+08:00,6538,倉和,電子零組件業,skipped_existing,電子零組件,PCB、被動元件、連接器、散熱、功率元件,AI伺服器、車用電子,電子零組件,,,existing_refined_tags
2026-07-03T05:52:07.139074+08:00,6546,正基科技,通信網路業,skipped_existing,無線通訊模組,WiFi、Bluetooth模組、無線模組、網通模組,WiFi 7、AIoT、車用通訊,無線通訊,,,existing_refined_tags
2026-07-03T05:52:07.139080+08:00,6547,高端疫苗生物製劑,生技醫療業,skipped_existing,生技醫療,藥品、醫材、檢測、保健,新藥、CDMO、醫材,生技,,,existing_refined_tags
2026-07-03T05:52:07.139084+08:00,6552,易華電子,半導體業,skipped_existing,半導體,IC設計、晶圓代工、封測、設備材料,AI晶片、HPC、半導體循環,半導體,,,existing_refined_tags
2026-07-03T05:52:07.139091+08:00,6576,逸達生物科技,生技醫療業,skipped_existing,生技醫療,藥品、醫材、檢測、保健,新藥、CDMO、醫材,生技,,,existing_refined_tags
2026-07-03T05:52:07.139096+08:00,6584,南俊國際,電子零組件業,skipped_existing,伺服器滑軌、精密機構件,伺服器滑軌、工業滑軌、精密機構件、機櫃零組件,AI伺服器、機櫃、資料中心,伺服器機構件,,,existing_refined_tags
2026-07-03T05:52:07.139101+08:00,6585,鼎基先進材料,其他,skipped_existing,TPU薄膜、高分子材料,TPU薄膜、機能薄膜、醫療材料、工業材料,醫材材料、機能材料、車用材料,高分子材料,,,existing_refined_tags
2026-07-03T05:52:07.139106+08:00,6591,動力科技,電腦及週邊設備業,skipped_existing,散熱風扇、GPU風扇,散熱風扇、顯卡風扇、PC散熱、伺服器風扇,AI伺服器散熱、GPU散熱、熱管理,散熱風扇,,,existing_refined_tags
2026-07-03T05:52:07.139111+08:00,6603,富強鑫精密工業,電機機械,skipped_existing,塑膠射出成型機,射出成型機、塑膠加工設備、智能製造設備、機械設備,電動車輕量化、塑膠成型、自動化,塑膠射出機,,,existing_refined_tags
2026-07-03T05:52:07.139115+08:00,6616,特昇國際,居家生活,skipped_existing,地板材料、居家建材,地板材料、塑木建材、居家裝修材料、建材外銷,居家裝修、美國房市、建材,居家建材,,,existing_refined_tags
2026-07-03T05:52:07.139120+08:00,6624,萬年清環境工程,綠能環保,skipped_existing,水處理、廢水工程,廢水處理、水處理工程、環保設備、工業水處理,水資源、環保工程、ESG,水處理,,,existing_refined_tags
2026-07-03T05:52:07.139124+08:00,6629,泰金投資控股,居家生活,skipped_existing,金屬生活用品、五金代工,金屬生活用品、居家五金、廚衛配件、外銷代工,居家生活、五金用品、外銷消費,居家五金,,,existing_refined_tags
2026-07-03T05:52:07.139129+08:00,6645,金萬林企業,生技醫療業,skipped_existing,基因檢測、精準醫療服務,基因檢測、分子診斷、精準醫療、檢測服務,精準醫療、基因檢測、分子診斷,檢測服務,,,existing_refined_tags
2026-07-03T05:52:07.139133+08:00,6664,群翊工業,電子零組件業,skipped_existing,PCB、半導體乾燥製程設備,真空壓合設備、烘烤設備、PCB設備、半導體封裝設備,先進封裝、PCB設備、ABF載板,電子製程設備,,,existing_refined_tags
2026-07-03T05:52:07.139139+08:00,6670,復盛應用科技,運動休閒,skipped_existing,高爾夫球桿頭、運動用品代工,高爾夫球桿頭、複合材料球具、運動用品代工、碳纖維應用,高爾夫、運動用品、碳纖維,高爾夫球具,,,existing_refined_tags
2026-07-03T05:52:07.139145+08:00,6672,騰輝電子國際集團,電子零組件業,skipped_existing,高頻、特殊銅箔基板材料,特殊CCL、高頻基板、散熱基板、車用板材料,高頻高速、車用電子、AI伺服器材料,特殊CCL,,,existing_refined_tags
2026-07-03T05:52:07.139150+08:00,6680,鑫創電子,電腦及週邊設備業,skipped_existing,嵌入式電腦、工控主機板,嵌入式電腦、工控主機板、工業電腦、邊緣運算平台,邊緣AI、工業電腦、AIoT,工業電腦,,,existing_refined_tags
2026-07-03T05:52:07.139155+08:00,6706,惠特科技,光電業,skipped_existing,LED、半導體檢測設備,LED測試設備、雷射加工、半導體檢測設備、Micro LED設備,Micro LED、Mini LED、半導體設備,光電、半導體設備,,,existing_refined_tags
2026-07-03T05:52:07.139160+08:00,6753,龍德造船工業,航運業,skipped_existing,高速船艇、軍工造船,高速船艇、巡防艇、軍用船舶、複合材料船艇,軍工、國艦國造、船舶製造,軍工造船,,,existing_refined_tags
2026-07-03T05:52:07.139165+08:00,6768,志強國際企業,運動休閒,skipped_existing,運動鞋、機能鞋代工,運動鞋、足球鞋、機能鞋、鞋類代工,運動用品、品牌代工、世足題材,運動鞋代工,,,existing_refined_tags
2026-07-03T05:52:07.139169+08:00,6771,平和環保科技,綠能環保,skipped_existing,工業廢水處理、資源化,廢水處理、污泥處理、資源化服務、環保工程,循環經濟、環保處理、ESG,廢水處理,,,existing_refined_tags
2026-07-03T05:52:07.139173+08:00,6796,晉弘科技,生技醫療業,skipped_existing,醫療影像、眼科檢測設備,眼科檢測設備、醫療影像、智慧醫療裝置、數位醫療,智慧醫療、眼科設備、醫材,醫療設備,,,existing_refined_tags
2026-07-03T05:52:07.139178+08:00,6803,崑鼎綠能環保,綠能環保,skipped_existing,焚化營運、環保工程,焚化爐營運、環保工程、廢棄物處理、能源回收,循環經濟、廢棄物處理、綠電,廢棄物處理,,,existing_refined_tags
2026-07-03T05:52:07.139183+08:00,6806,森崴能源,綠能環保,skipped_existing,再生能源EPC、綠電服務,太陽能EPC、風電工程、綠電交易、能源服務,綠電、再生能源、儲能,再生能源EPC,,,existing_refined_tags
2026-07-03T05:52:07.139190+08:00,6821,聯寶電子,電子零組件業,skipped_existing,磁性元件、電源變壓器,變壓器、電感、電源磁性元件、通訊磁性元件,AI伺服器電源、車用電子、磁性元件,磁性元件,,,existing_refined_tags
2026-07-03T05:52:07.139194+08:00,6830,汎銓科技,其他電子業,skipped_existing,半導體材料分析、失效分析,材料分析、TEM分析、失效分析、半導體檢測服務,先進製程、先進封裝、半導體檢測,半導體檢測分析,,,existing_refined_tags
2026-07-03T05:52:07.139199+08:00,6835,圓裕企業,電子零組件業,skipped_existing,PCB印刷電路板,PCB、多層板、工控板、車用板,工控PCB、車用電子、PCB景氣,PCB,,,existing_refined_tags
2026-07-03T05:52:07.139208+08:00,6840,東研信超,其他電子業,skipped_existing,EMC、RF檢測認證,電磁相容檢測、RF測試、產品認證、無線通訊測試,AIoT、車用電子、通訊認證,檢測認證,,,existing_refined_tags
2026-07-03T05:52:07.139217+08:00,6843,進典工業,電機機械,skipped_existing,工業閥門、流體控制,工業閥門、控制閥、流體控制、石化、能源閥件,半導體廠務、能源工程、工業設備,工業閥門,,,existing_refined_tags
2026-07-03T05:52:07.139224+08:00,6846,綠茵生技,食品工業,skipped_existing,保健食品原料、機能食品,機能食品原料、保健食品、益生菌、植萃原料、食品配方,保健食品、銀髮健康、機能食品,保健食品原料,,,existing_refined_tags
2026-07-03T05:52:07.139229+08:00,6854,PlayNitride Inc.,半導體業,skipped_existing,Micro LED顯示晶片、巨量轉移,Micro LED晶片、巨量轉移、顯示模組、微型顯示技術,Micro LED、AR、VR顯示、先進顯示,Micro LED,,,existing_refined_tags
2026-07-03T05:52:07.139236+08:00,6862,三集瑞科技國際集團,電子零組件業,skipped_existing,功率電感、磁性元件,功率電感、變壓器、磁性元件、車用電感,AI伺服器電源、車用電子、被動元件,功率電感,,,existing_refined_tags
2026-07-03T05:52:07.139244+08:00,6863,Arizon RFID Technology,通信網路業,skipped_existing,RFID電子標籤、物聯網識別,RFID標籤、電子標籤、NFC應用、物聯網識別,物聯網、零售科技、智慧物流,RFID、物聯網,,,existing_refined_tags
2026-07-03T05:52:07.139250+08:00,6870,騰雲科技服務,數位雲端,skipped_existing,雲端SaaS、數位轉型服務,雲端服務、SaaS、企業數位轉型、資料應用服務,雲端服務、AI應用、企業軟體,雲端SaaS,,,existing_refined_tags
2026-07-03T05:52:07.139259+08:00,6873,泓德能源科技,綠能環保,skipped_existing,綠電售電、儲能整合,綠電售電、儲能系統、能源管理、太陽能電廠,綠電、儲能、企業購電,綠電服務,,,existing_refined_tags
2026-07-03T05:52:07.139265+08:00,6874,倍力資訊,資訊服務業,skipped_existing,資料庫、企業應用軟體服務,資料庫管理、企業軟體、資料整合、維運服務,資料治理、AI資料應用、企業軟體,資料庫、企業軟體,,,existing_refined_tags
2026-07-03T05:52:07.139271+08:00,6890,來億興業,運動休閒,skipped_existing,運動鞋、休閒鞋代工,運動鞋、休閒鞋、功能鞋、品牌鞋代工,運動用品、品牌代工、鞋業景氣,運動鞋代工,,,existing_refined_tags
2026-07-03T05:52:07.139277+08:00,6894,衛司特科技,綠能環保,skipped_existing,廢液處理、資源回收,廢液處理、化學品回收、資源化服務、環保處理,循環經濟、半導體廢液、ESG,廢液處理,,,existing_refined_tags
2026-07-03T05:52:07.139283+08:00,6904,伯鑫工具,其他,skipped_existing,精密鈑金、金屬機構件,精密鈑金、金屬加工、機構件、設備外殼,AI伺服器機構件、工業設備、精密金屬,金屬機構件,,,existing_refined_tags
2026-07-03T05:52:07.139290+08:00,6913,鴻呈實業,電子零組件業,skipped_existing,線束、連接器組件,線束、連接線、連接器、車用線束,車用電子、AI伺服器、線束,線束、連接器,,,existing_refined_tags
2026-07-03T05:52:07.139295+08:00,6957,裕慶金屬,其他,skipped_existing,居家收納、生活用品代工,收納用品、居家用品、五金塑膠用品、零售通路產品,居家生活、外銷消費、生活用品,居家用品,,,existing_refined_tags
2026-07-03T05:52:07.139302+08:00,6982,大井泵浦工業,電機機械,skipped_existing,泵浦、流體輸送設備,水泵浦、加壓泵、流體輸送設備、節能泵浦,水資源、節能設備、建築設備,泵浦,,,existing_refined_tags
2026-07-03T05:52:07.139307+08:00,7402,邑錡,光電業,skipped_existing,影像攝錄、執法記錄設備,行車記錄器、執法記錄器、影像紀錄設備、車用攝錄產品,車用影像、安防監控、執法科技,影像攝錄設備,,,existing_refined_tags
2026-07-03T05:52:07.139313+08:00,7556,意德士科技,半導體業,skipped_existing,半導體設備零組件、耗材,半導體設備零組件、製程耗材、精密零件、設備維護耗材,半導體設備、先進製程、在地供應鏈,半導體設備零組件,,,existing_refined_tags
2026-07-03T05:52:07.139320+08:00,7610,聯友金屬科技,綠能環保,skipped_existing,電池回收、金屬資源化,電池回收、金屬回收、資源再生、環保處理,電池回收、循環經濟、綠能材料,金屬資源回收,,,existing_refined_tags
2026-07-03T05:52:07.139327+08:00,7713,威力德生醫,生技醫療業,skipped_existing,體外診斷、醫檢試劑,體外診斷試劑、醫檢試劑、檢測儀器、分子診斷,IVD、精準醫療、檢測試劑,醫檢試劑,,,existing_refined_tags
2026-07-03T05:52:07.139332+08:00,8021,尖點科技,其他電子業,skipped_existing,PCB鑽針、鑽孔服務,PCB鑽針、鑽孔加工、精密鑽針、載板鑽孔服務,AI伺服器PCB、IC載板、PCB耗材,PCB鑽針、加工,,,existing_refined_tags
2026-07-03T05:52:07.139338+08:00,8027,鈦昇科技,電機機械,skipped_existing,半導體、PCB自動化設備,雷射設備、自動化設備、半導體設備、PCB設備,先進封裝、PCB設備、半導體設備,電子製程設備,,,existing_refined_tags
2026-07-03T05:52:07.139344+08:00,8028,昇陽國際半導體,半導體業,skipped_existing,再生晶圓、晶圓薄化服務,再生晶圓、晶圓薄化、晶圓研磨、測試晶圓,先進製程、半導體耗材、晶圓再生,再生晶圓,,,existing_refined_tags
2026-07-03T05:52:07.139350+08:00,8042,臺灣金山電子工業,電子零組件業,skipped_existing,鋁質電解電容、被動元件,鋁質電解電容、固態電容、被動元件、電源電容,電源供應器、車用電子、被動元件,電容、被動元件,,,existing_refined_tags
2026-07-03T05:52:07.139358+08:00,8050,廣積科技,電腦及週邊設備業,skipped_existing,工業電腦、嵌入式平台,工業電腦、嵌入式主機板、網安平台、邊緣運算,邊緣AI、工控、網安設備,工業電腦,,,existing_refined_tags
2026-07-03T05:52:07.139366+08:00,8074,鉅橡企業,電子零組件業,skipped_existing,PCB鑽孔墊板、絕緣材料,PCB鑽孔墊板、絕緣材料、覆銅板輔材、電子材料,PCB材料、AI伺服器板、載板材料,PCB材料,,,existing_refined_tags
2026-07-03T05:52:07.139373+08:00,8087,麗升能源科技,綠能環保,skipped_existing,太陽能電廠、綠能開發,太陽能電廠、再生能源開發、售電服務、能源工程,太陽能、綠電、再生能源,太陽能電廠,,,existing_refined_tags
2026-07-03T05:52:07.139377+08:00,8091,翔名科技,半導體業,skipped_existing,半導體,IC設計、晶圓代工、封測、設備材料,AI晶片、HPC、半導體循環,半導體,,,existing_refined_tags
2026-07-03T05:52:07.139383+08:00,8092,建暐精密科技,其他電子業,skipped_existing,電子製造服務、設備,EMS、設備、材料、精密零組件,AI伺服器、半導體設備,其他電子,,,existing_refined_tags
2026-07-03T05:52:07.139388+08:00,8104,錸寶科技,光電業,skipped_existing,光電、顯示,面板、光學、LED、光電材料,車載顯示、光學升級,光電,,,existing_refined_tags
2026-07-03T05:52:07.139393+08:00,8111,立碁電子工業,光電業,skipped_existing,光電、顯示,面板、光學、LED、光電材料,車載顯示、光學升級,光電,,,existing_refined_tags
2026-07-03T05:52:07.139398+08:00,8112,至上電子,電子通路業,skipped_existing,記憶體、IC通路,記憶體代理、IC通路、面板零組件、電子材料代理,記憶體循環、AI伺服器供應鏈、電子通路,記憶體通路,,,existing_refined_tags
2026-07-03T05:52:07.139404+08:00,8147,正淩精密工業,電子零組件業,skipped_existing,連接器、線束,連接器、線束、Type-C、高速傳輸、車用、伺服器連接,AI伺服器、車用、USB4、Type-C,連接器,,,existing_refined_tags
2026-07-03T05:52:07.139409+08:00,8155,博智電子,電子零組件業,skipped_existing,高階PCB、伺服器板,高層數PCB、伺服器板、網通板、AI伺服器板,AI伺服器、800G交換器、PCB升級,PCB、AI伺服器,,,existing_refined_tags
2026-07-03T05:52:07.139415+08:00,8171,天宇工業,綠能環保,skipped_existing,綠能環保,太陽能、儲能、環保工程、資源回收,綠電、儲能、碳權,綠能環保,,,existing_refined_tags
2026-07-03T05:52:07.139419+08:00,8210,勤誠興業,電腦及週邊設備業,skipped_existing,伺服器機殼、機櫃,伺服器機殼、機櫃、滑軌、沖壓件,AI伺服器、資料中心、機構件,AI伺服器機構件,,,existing_refined_tags
2026-07-03T05:52:07.139425+08:00,8255,朋程科技,電機機械,skipped_existing,車用功率元件,車用整流器、二極體、發電機調節器、功率模組,車用電子、電動車、AI電源,功率元件,,,existing_refined_tags
2026-07-03T05:52:07.139433+08:00,8271,宇瞻科技,半導體業,skipped_existing,記憶體模組、SSD,DRAM模組、SSD、工控儲存,工控、AI邊緣儲存,記憶體模組,,,existing_refined_tags
2026-07-03T05:52:07.139440+08:00,8299,群聯電子,半導體業,skipped_existing,NAND Flash控制IC,NAND控制IC、SSD控制晶片、儲存解決方案,AI PC、企業級SSD、NAND循環,IC設計、儲存,,,existing_refined_tags
2026-07-03T05:52:07.139446+08:00,8374,羅昇企業,電機機械,skipped_existing,機械、自動化,機械設備、自動化、零組件,智慧製造、自動化,機械,,,existing_refined_tags
2026-07-03T05:52:07.139452+08:00,8404,百和興業(開曼),其他,skipped_existing,多角化、其他,多角化經營、租賃、服務、控股,內需、資產題材,其他,,,existing_refined_tags
2026-07-03T05:52:07.139457+08:00,8411,福貞控股,其他,skipped_existing,多角化、其他,多角化經營、租賃、服務、控股,內需、資產題材,其他,,,existing_refined_tags
2026-07-03T05:52:07.139462+08:00,8422,可寧衛,綠能環保,skipped_existing,綠能環保,太陽能、儲能、環保工程、資源回收,綠電、儲能、碳權,綠能環保,,,existing_refined_tags
2026-07-03T05:52:07.139469+08:00,8431,匯鑽科技,其他電子業,skipped_existing,電子製造服務、設備,EMS、設備、材料、精密零組件,AI伺服器、半導體設備,其他電子,,,existing_refined_tags
2026-07-03T05:52:07.139475+08:00,8433,弘帆,居家生活,skipped_existing,其他、待細分,主要產品需由官網、年報補齊,待確認,待確認,,,existing_refined_tags
2026-07-03T05:52:07.139480+08:00,8442,威宏控股,其他,skipped_existing,多角化、其他,多角化經營、租賃、服務、控股,內需、資產題材,其他,,,existing_refined_tags
2026-07-03T05:52:07.139485+08:00,8462,柏文健康事業,運動休閒,skipped_existing,其他、待細分,主要產品需由官網、年報補齊,待確認,待確認,,,existing_refined_tags
2026-07-03T05:52:07.139490+08:00,8466,美吉吉國際,其他,skipped_existing,多角化、其他,多角化經營、租賃、服務、控股,內需、資產題材,其他,,,existing_refined_tags
2026-07-03T05:52:07.139496+08:00,8467,波力環球企業,運動休閒,skipped_existing,其他、待細分,主要產品需由官網、年報補齊,待確認,待確認,,,existing_refined_tags
2026-07-03T05:52:07.139501+08:00,8473,山林水環境工程,綠能環保,skipped_existing,綠能環保,太陽能、儲能、環保工程、資源回收,綠電、儲能、碳權,綠能環保,,,existing_refined_tags
2026-07-03T05:52:07.139508+08:00,8476,台境企業,綠能環保,skipped_existing,綠能環保,太陽能、儲能、環保工程、資源回收,綠電、儲能、碳權,綠能環保,,,existing_refined_tags
2026-07-03T05:52:07.139512+08:00,8478,東哥企業,運動休閒,skipped_existing,其他、待細分,主要產品需由官網、年報補齊,待確認,待確認,,,existing_refined_tags
2026-07-03T05:52:07.139517+08:00,8488,吉源控股,其他,skipped_existing,多角化、其他,多角化經營、租賃、服務、控股,內需、資產題材,其他,,,existing_refined_tags
2026-07-03T05:52:07.139520+08:00,8489,三貝德數位文創,其他,skipped_existing,多角化、其他,多角化經營、租賃、服務、控股,內需、資產題材,其他,,,existing_refined_tags
2026-07-03T05:52:07.139524+08:00,8927,北基國際,油電燃氣業,skipped_existing,其他、待細分,主要產品需由官網、年報補齊,待確認,待確認,,,existing_refined_tags
2026-07-03T05:52:07.139529+08:00,8996,高力熱處理工業,電機機械,skipped_existing,熱能、散熱零組件,熱交換器、板式熱交換器、燃料電池、熱管理,AI伺服器水冷、熱管理、節能,散熱、熱管理,,,existing_refined_tags
2026-07-03T05:52:07.139532+08:00,9802,鈺齊國際,運動休閒,skipped_existing,其他、待細分,主要產品需由官網、年報補齊,待確認,待確認,,,existing_refined_tags
2026-07-03T05:52:07.139536+08:00,9906,欣巴巴事業,建材營造,skipped_existing,建設開發、住宅推案,住宅建案、商辦開發、土地開發、不動產銷售,房市循環、都更、建案入帳,建設開發,,,existing_refined_tags
2026-07-03T05:52:07.139540+08:00,9933,中鼎工程,其他,skipped_existing,工程統包EPC、環境工程,工程統包、石化工程、能源工程、環境工程、專案管理,能源工程、環境工程、海外工程,工程EPC,,,existing_refined_tags
2026-07-03T05:52:07.139544+08:00,9935,慶豐富實業,居家生活,skipped_existing,窗簾、居家飾材,窗簾、百葉窗、遮陽產品、居家飾材,居家裝修、美國房市、外銷消費,居家飾材,,,existing_refined_tags
2026-07-03T05:52:07.139547+08:00,9939,宏全國際,其他,skipped_existing,飲料包材、飲料代工,瓶蓋、PET瓶、標籤、飲料代工、包材整合,飲料包材、東南亞內需、食品包裝,包材、飲料代工,,,existing_refined_tags
2026-07-03T05:52:07.139551+08:00,9941,裕融企業,其他,skipped_existing,汽車金融、租賃服務,汽車貸款、租賃、分期付款、融資服務,汽車金融、租賃、金融服務,汽車金融,,,existing_refined_tags
2026-07-03T05:52:07.139554+08:00,9958,世紀鋼鐵結構,鋼鐵工業,skipped_existing,離岸風電鋼構、重型鋼構,離岸風電水下基礎、鋼構工程、重型鋼構、能源鋼構,離岸風電、重電工程、綠能基建,風電鋼構,,,existing_refined_tags
